from,to,etype,weight,validated
hsa-miR-125b-5p,EIF4EBP1,miRNA->hub,4,TRUE
hsa-miR-125a-5p,EIF4EBP1,miRNA->hub,4,TRUE
hsa-miR-551a,EIF4EBP1,miRNA->hub,3,FALSE
hsa-miR-551b-3p,EIF4EBP1,miRNA->hub,3,FALSE
hsa-miR-874-3p,EIF4EBP1,miRNA->hub,5,FALSE
hsa-miR-10a-5p,MAGED2,miRNA->hub,3,TRUE
hsa-miR-10b-5p,MAGED2,miRNA->hub,3,TRUE
hsa-miR-512-3p,MAGED2,miRNA->hub,7,FALSE
hsa-miR-512-3p,MAGED2,miRNA->hub,3,FALSE
hsa-miR-501-3p,MAGED2,miRNA->hub,4,TRUE
hsa-miR-502-3p,MAGED2,miRNA->hub,3,TRUE
hsa-miR-3605-5p,MAGED2,miRNA->hub,4,TRUE
hsa-miR-15a-5p,PPM1K,miRNA->hub,6,TRUE
hsa-miR-16-5p,PPM1K,miRNA->hub,6,TRUE
hsa-miR-204-5p,PPM1K,miRNA->hub,7,FALSE
hsa-miR-210-3p,PPM1K,miRNA->hub,3,TRUE
hsa-miR-211-5p,PPM1K,miRNA->hub,8,FALSE
hsa-miR-15b-5p,PPM1K,miRNA->hub,6,TRUE
hsa-miR-140-5p,PPM1K,miRNA->hub,4,TRUE
hsa-miR-195-5p,PPM1K,miRNA->hub,6,TRUE
hsa-miR-376c-3p,PPM1K,miRNA->hub,5,FALSE
hsa-miR-377-3p,PPM1K,miRNA->hub,14,FALSE
hsa-miR-330-3p,PPM1K,miRNA->hub,5,FALSE
hsa-miR-342-3p,PPM1K,miRNA->hub,14,FALSE
hsa-miR-345-5p,PPM1K,miRNA->hub,4,FALSE
hsa-miR-424-5p,PPM1K,miRNA->hub,6,TRUE
hsa-miR-410-3p,PPM1K,miRNA->hub,14,FALSE
hsa-miR-495-3p,PPM1K,miRNA->hub,12,FALSE
hsa-miR-497-5p,PPM1K,miRNA->hub,6,TRUE
hsa-miR-299-5p,PPM1K,miRNA->hub,3,FALSE
hsa-miR-147b,PPM1K,miRNA->hub,3,FALSE
hsa-miR-6838-5p,PPM1K,miRNA->hub,6,FALSE
hsa-miR-96-5p,NAMPT,miRNA->hub,5,TRUE
hsa-miR-148a-3p,NAMPT,miRNA->hub,4,TRUE
hsa-miR-181a-5p,NAMPT,miRNA->hub,3,TRUE
hsa-miR-181b-5p,NAMPT,miRNA->hub,3,TRUE
hsa-miR-181c-5p,NAMPT,miRNA->hub,3,FALSE
hsa-miR-182-5p,NAMPT,miRNA->hub,5,TRUE
hsa-miR-214-3p,NAMPT,miRNA->hub,4,TRUE
hsa-miR-145-5p,NAMPT,miRNA->hub,3,FALSE
hsa-miR-152-3p,NAMPT,miRNA->hub,4,TRUE
hsa-miR-154-5p,NAMPT,miRNA->hub,11,TRUE
hsa-miR-154-3p,NAMPT,miRNA->hub,5,FALSE
hsa-miR-34c-5p,NAMPT,miRNA->hub,3,FALSE
hsa-miR-369-3p,NAMPT,miRNA->hub,8,FALSE
hsa-miR-371a-3p,NAMPT,miRNA->hub,4,FALSE
hsa-miR-374a-5p,NAMPT,miRNA->hub,8,TRUE
hsa-miR-381-3p,NAMPT,miRNA->hub,7,FALSE
hsa-miR-323a-3p,NAMPT,miRNA->hub,8,FALSE
hsa-miR-151a-3p,NAMPT,miRNA->hub,4,TRUE
hsa-miR-148b-3p,NAMPT,miRNA->hub,4,FALSE
hsa-miR-448,NAMPT,miRNA->hub,3,FALSE
hsa-miR-329-3p,NAMPT,miRNA->hub,4,TRUE
hsa-miR-329-3p,NAMPT,miRNA->hub,11,TRUE
hsa-miR-329-3p,NAMPT,miRNA->hub,11,TRUE
hsa-miR-410-3p,NAMPT,miRNA->hub,8,FALSE
hsa-miR-487a-3p,NAMPT,miRNA->hub,5,FALSE
hsa-miR-493-5p,NAMPT,miRNA->hub,5,FALSE
hsa-miR-493-5p,NAMPT,miRNA->hub,9,FALSE
hsa-miR-493-5p,NAMPT,miRNA->hub,4,FALSE
hsa-miR-181d-5p,NAMPT,miRNA->hub,3,TRUE
hsa-miR-526b-5p,NAMPT,miRNA->hub,3,FALSE
hsa-miR-579-3p,NAMPT,miRNA->hub,3,FALSE
hsa-miR-582-5p,NAMPT,miRNA->hub,5,TRUE
hsa-miR-588,NAMPT,miRNA->hub,4,FALSE
hsa-miR-620,NAMPT,miRNA->hub,3,FALSE
hsa-miR-542-3p,NAMPT,miRNA->hub,4,FALSE
hsa-miR-770-5p,NAMPT,miRNA->hub,3,FALSE
hsa-miR-362-3p,NAMPT,miRNA->hub,4,TRUE
hsa-miR-362-3p,NAMPT,miRNA->hub,11,TRUE
hsa-miR-362-3p,NAMPT,miRNA->hub,11,TRUE
hsa-miR-340-5p,NAMPT,miRNA->hub,8,TRUE
hsa-miR-556-3p,NAMPT,miRNA->hub,9,FALSE
hsa-miR-300,NAMPT,miRNA->hub,7,FALSE
hsa-miR-543,NAMPT,miRNA->hub,9,FALSE
hsa-miR-374b-5p,NAMPT,miRNA->hub,8,TRUE
hsa-miR-3140-3p,NAMPT,miRNA->hub,4,FALSE
hsa-miR-3142,NAMPT,miRNA->hub,4,FALSE
hsa-miR-3163,NAMPT,miRNA->hub,3,FALSE
hsa-miR-3163,NAMPT,miRNA->hub,7,FALSE
hsa-miR-3187-3p,NAMPT,miRNA->hub,4,TRUE
hsa-miR-4262,NAMPT,miRNA->hub,3,FALSE
hsa-miR-3681-5p,NAMPT,miRNA->hub,4,FALSE
hsa-miR-3681-5p,NAMPT,miRNA->hub,3,FALSE
hsa-miR-3924,NAMPT,miRNA->hub,9,FALSE
hsa-miR-4712-5p,NAMPT,miRNA->hub,3,FALSE
hsa-miR-4761-3p,NAMPT,miRNA->hub,3,FALSE
hsa-miR-1245b-5p,NAMPT,miRNA->hub,4,FALSE
hsa-miR-5195-3p,NAMPT,miRNA->hub,3,FALSE
hsa-miR-664b-3p,NAMPT,miRNA->hub,3,FALSE
hsa-miR-5688,NAMPT,miRNA->hub,5,FALSE
hsa-miR-5688,NAMPT,miRNA->hub,4,FALSE
hsa-let-7a-5p,CCND1,miRNA->hub,23,TRUE
hsa-let-7a-5p,CCND1,miRNA->hub,3,TRUE
hsa-let-7b-5p,CCND1,miRNA->hub,23,TRUE
hsa-let-7b-5p,CCND1,miRNA->hub,3,TRUE
hsa-let-7c-5p,CCND1,miRNA->hub,23,TRUE
hsa-let-7c-5p,CCND1,miRNA->hub,3,TRUE
hsa-let-7d-5p,CCND1,miRNA->hub,12,TRUE
hsa-let-7e-5p,CCND1,miRNA->hub,23,TRUE
hsa-let-7e-5p,CCND1,miRNA->hub,3,TRUE
hsa-let-7f-5p,CCND1,miRNA->hub,23,TRUE
hsa-let-7f-5p,CCND1,miRNA->hub,3,TRUE
hsa-miR-15a-5p,CCND1,miRNA->hub,15,TRUE
hsa-miR-15a-5p,CCND1,miRNA->hub,52,TRUE
hsa-miR-16-5p,CCND1,miRNA->hub,15,TRUE
hsa-miR-16-5p,CCND1,miRNA->hub,52,TRUE
hsa-miR-17-5p,CCND1,miRNA->hub,35,TRUE
hsa-miR-17-5p,CCND1,miRNA->hub,3,TRUE
hsa-miR-18a-5p,CCND1,miRNA->hub,21,TRUE
hsa-miR-19a-3p,CCND1,miRNA->hub,3,TRUE
hsa-miR-19a-3p,CCND1,miRNA->hub,7,TRUE
hsa-miR-19a-3p,CCND1,miRNA->hub,10,TRUE
hsa-miR-19b-3p,CCND1,miRNA->hub,3,TRUE
hsa-miR-19b-3p,CCND1,miRNA->hub,7,TRUE
hsa-miR-19b-3p,CCND1,miRNA->hub,10,TRUE
hsa-miR-20a-5p,CCND1,miRNA->hub,56,TRUE
hsa-miR-20a-5p,CCND1,miRNA->hub,3,TRUE
hsa-miR-22-3p,CCND1,miRNA->hub,6,TRUE
hsa-miR-23a-3p,CCND1,miRNA->hub,11,TRUE
hsa-miR-23a-3p,CCND1,miRNA->hub,10,TRUE
hsa-miR-25-3p,CCND1,miRNA->hub,15,TRUE
hsa-miR-27a-3p,CCND1,miRNA->hub,5,TRUE
hsa-miR-27a-3p,CCND1,miRNA->hub,6,TRUE
hsa-miR-27a-3p,CCND1,miRNA->hub,4,TRUE
hsa-miR-32-5p,CCND1,miRNA->hub,15,TRUE
hsa-miR-33a-5p,CCND1,miRNA->hub,17,TRUE
hsa-miR-92a-3p,CCND1,miRNA->hub,15,TRUE
hsa-miR-93-5p,CCND1,miRNA->hub,35,TRUE
hsa-miR-93-5p,CCND1,miRNA->hub,3,TRUE
hsa-miR-95-3p,CCND1,miRNA->hub,7,TRUE
hsa-miR-96-5p,CCND1,miRNA->hub,3,TRUE
hsa-miR-98-5p,CCND1,miRNA->hub,23,TRUE
hsa-miR-98-5p,CCND1,miRNA->hub,3,TRUE
hsa-miR-103a-3p,CCND1,miRNA->hub,33,TRUE
hsa-miR-106a-5p,CCND1,miRNA->hub,56,TRUE
hsa-miR-106a-5p,CCND1,miRNA->hub,3,TRUE
hsa-miR-107,CCND1,miRNA->hub,33,TRUE
hsa-miR-197-3p,CCND1,miRNA->hub,8,TRUE
hsa-miR-199a-3p,CCND1,miRNA->hub,14,TRUE
hsa-miR-208a-3p,CCND1,miRNA->hub,19,FALSE
hsa-miR-129-5p,CCND1,miRNA->hub,16,FALSE
hsa-miR-30c-5p,CCND1,miRNA->hub,11,TRUE
hsa-miR-139-5p,CCND1,miRNA->hub,6,TRUE
hsa-miR-139-5p,CCND1,miRNA->hub,42,TRUE
hsa-miR-147a,CCND1,miRNA->hub,10,TRUE
hsa-miR-147a,CCND1,miRNA->hub,11,TRUE
hsa-miR-147a,CCND1,miRNA->hub,12,TRUE
hsa-miR-147a,CCND1,miRNA->hub,6,TRUE
hsa-miR-147a,CCND1,miRNA->hub,5,TRUE
hsa-miR-7-5p,CCND1,miRNA->hub,10,TRUE
hsa-miR-7-5p,CCND1,miRNA->hub,6,TRUE
hsa-miR-34a-5p,CCND1,miRNA->hub,8,TRUE
hsa-miR-183-5p,CCND1,miRNA->hub,4,TRUE
hsa-miR-218-5p,CCND1,miRNA->hub,5,TRUE
hsa-miR-221-3p,CCND1,miRNA->hub,10,TRUE
hsa-miR-222-3p,CCND1,miRNA->hub,10,TRUE
hsa-miR-224-5p,CCND1,miRNA->hub,7,TRUE
hsa-miR-224-5p,CCND1,miRNA->hub,10,TRUE
hsa-miR-200b-3p,CCND1,miRNA->hub,4,TRUE
hsa-let-7g-5p,CCND1,miRNA->hub,23,TRUE
hsa-let-7g-5p,CCND1,miRNA->hub,3,TRUE
hsa-let-7i-5p,CCND1,miRNA->hub,23,TRUE
hsa-let-7i-5p,CCND1,miRNA->hub,3,TRUE
hsa-miR-15b-5p,CCND1,miRNA->hub,15,TRUE
hsa-miR-15b-5p,CCND1,miRNA->hub,52,TRUE
hsa-miR-23b-3p,CCND1,miRNA->hub,11,TRUE
hsa-miR-23b-3p,CCND1,miRNA->hub,10,TRUE
hsa-miR-27b-3p,CCND1,miRNA->hub,5,TRUE
hsa-miR-27b-3p,CCND1,miRNA->hub,6,TRUE
hsa-miR-27b-3p,CCND1,miRNA->hub,4,TRUE
hsa-miR-30b-5p,CCND1,miRNA->hub,11,FALSE
hsa-miR-122-5p,CCND1,miRNA->hub,3,FALSE
hsa-miR-128-3p,CCND1,miRNA->hub,6,TRUE
hsa-miR-135a-5p,CCND1,miRNA->hub,15,TRUE
hsa-miR-138-5p,CCND1,miRNA->hub,3,TRUE
hsa-miR-142-5p,CCND1,miRNA->hub,44,TRUE
hsa-miR-143-3p,CCND1,miRNA->hub,20,FALSE
hsa-miR-153-3p,CCND1,miRNA->hub,46,FALSE
hsa-miR-134-5p,CCND1,miRNA->hub,37,FALSE
hsa-miR-134-5p,CCND1,miRNA->hub,11,FALSE
hsa-miR-150-5p,CCND1,miRNA->hub,9,FALSE
hsa-miR-154-5p,CCND1,miRNA->hub,36,FALSE
hsa-miR-186-5p,CCND1,miRNA->hub,12,TRUE
hsa-miR-193a-3p,CCND1,miRNA->hub,10,TRUE
hsa-miR-193a-3p,CCND1,miRNA->hub,32,TRUE
hsa-miR-195-5p,CCND1,miRNA->hub,15,TRUE
hsa-miR-195-5p,CCND1,miRNA->hub,52,TRUE
hsa-miR-200c-3p,CCND1,miRNA->hub,4,TRUE
hsa-miR-155-5p,CCND1,miRNA->hub,19,TRUE
hsa-miR-106b-5p,CCND1,miRNA->hub,56,TRUE
hsa-miR-106b-5p,CCND1,miRNA->hub,3,TRUE
hsa-miR-302a-3p,CCND1,miRNA->hub,3,TRUE
hsa-miR-302a-3p,CCND1,miRNA->hub,9,TRUE
hsa-miR-34c-5p,CCND1,miRNA->hub,9,TRUE
hsa-miR-361-5p,CCND1,miRNA->hub,5,TRUE
hsa-miR-363-3p,CCND1,miRNA->hub,15,TRUE
hsa-miR-365a-3p,CCND1,miRNA->hub,20,TRUE
hsa-miR-302b-3p,CCND1,miRNA->hub,3,TRUE
hsa-miR-302b-3p,CCND1,miRNA->hub,9,TRUE
hsa-miR-302c-3p,CCND1,miRNA->hub,3,TRUE
hsa-miR-302c-3p,CCND1,miRNA->hub,9,TRUE
hsa-miR-302d-3p,CCND1,miRNA->hub,3,TRUE
hsa-miR-302d-3p,CCND1,miRNA->hub,9,TRUE
hsa-miR-367-3p,CCND1,miRNA->hub,15,FALSE
hsa-miR-369-3p,CCND1,miRNA->hub,66,TRUE
hsa-miR-369-3p,CCND1,miRNA->hub,25,TRUE
hsa-miR-369-3p,CCND1,miRNA->hub,19,TRUE
hsa-miR-369-3p,CCND1,miRNA->hub,16,TRUE
hsa-miR-371a-3p,CCND1,miRNA->hub,6,FALSE
hsa-miR-372-3p,CCND1,miRNA->hub,3,FALSE
hsa-miR-372-3p,CCND1,miRNA->hub,9,FALSE
hsa-miR-373-3p,CCND1,miRNA->hub,3,FALSE
hsa-miR-373-3p,CCND1,miRNA->hub,9,FALSE
hsa-miR-374a-5p,CCND1,miRNA->hub,66,TRUE
hsa-miR-374a-5p,CCND1,miRNA->hub,24,TRUE
hsa-miR-379-5p,CCND1,miRNA->hub,4,FALSE
hsa-miR-381-3p,CCND1,miRNA->hub,39,FALSE
hsa-miR-381-3p,CCND1,miRNA->hub,3,FALSE
hsa-miR-383-5p,CCND1,miRNA->hub,4,TRUE
hsa-miR-330-3p,CCND1,miRNA->hub,5,FALSE
hsa-miR-328-3p,CCND1,miRNA->hub,4,TRUE
hsa-miR-323a-3p,CCND1,miRNA->hub,17,FALSE
hsa-miR-323a-3p,CCND1,miRNA->hub,11,FALSE
hsa-miR-326,CCND1,miRNA->hub,4,TRUE
hsa-miR-135b-5p,CCND1,miRNA->hub,15,TRUE
hsa-miR-324-3p,CCND1,miRNA->hub,11,TRUE
hsa-miR-324-3p,CCND1,miRNA->hub,3,TRUE
hsa-miR-338-3p,CCND1,miRNA->hub,14,TRUE
hsa-miR-338-3p,CCND1,miRNA->hub,6,TRUE
hsa-miR-335-5p,CCND1,miRNA->hub,11,TRUE
hsa-miR-325,CCND1,miRNA->hub,4,FALSE
hsa-miR-346,CCND1,miRNA->hub,3,FALSE
hsa-miR-424-5p,CCND1,miRNA->hub,15,TRUE
hsa-miR-424-5p,CCND1,miRNA->hub,52,TRUE
hsa-miR-18b-5p,CCND1,miRNA->hub,21,TRUE
hsa-miR-20b-5p,CCND1,miRNA->hub,35,TRUE
hsa-miR-20b-5p,CCND1,miRNA->hub,3,TRUE
hsa-miR-448,CCND1,miRNA->hub,46,TRUE
hsa-miR-429,CCND1,miRNA->hub,4,FALSE
hsa-miR-449a,CCND1,miRNA->hub,8,TRUE
hsa-miR-329-3p,CCND1,miRNA->hub,15,FALSE
hsa-miR-451a,CCND1,miRNA->hub,4,TRUE
hsa-miR-409-5p,CCND1,miRNA->hub,36,FALSE
hsa-miR-409-5p,CCND1,miRNA->hub,5,FALSE
hsa-miR-409-3p,CCND1,miRNA->hub,3,FALSE
hsa-miR-410-3p,CCND1,miRNA->hub,13,FALSE
hsa-miR-485-3p,CCND1,miRNA->hub,21,FALSE
hsa-miR-487a-3p,CCND1,miRNA->hub,21,FALSE
hsa-miR-489-3p,CCND1,miRNA->hub,3,TRUE
hsa-miR-490-3p,CCND1,miRNA->hub,3,TRUE
hsa-miR-490-3p,CCND1,miRNA->hub,10,TRUE
hsa-miR-494-3p,CCND1,miRNA->hub,22,TRUE
hsa-miR-494-3p,CCND1,miRNA->hub,3,TRUE
hsa-miR-494-3p,CCND1,miRNA->hub,20,TRUE
hsa-miR-494-3p,CCND1,miRNA->hub,11,TRUE
hsa-miR-495-3p,CCND1,miRNA->hub,35,TRUE
hsa-miR-495-3p,CCND1,miRNA->hub,46,TRUE
hsa-miR-495-3p,CCND1,miRNA->hub,4,TRUE
hsa-miR-496,CCND1,miRNA->hub,10,FALSE
hsa-miR-193b-3p,CCND1,miRNA->hub,3,TRUE
hsa-miR-193b-3p,CCND1,miRNA->hub,32,TRUE
hsa-miR-497-5p,CCND1,miRNA->hub,7,TRUE
hsa-miR-497-5p,CCND1,miRNA->hub,51,TRUE
hsa-miR-520e,CCND1,miRNA->hub,3,FALSE
hsa-miR-520e,CCND1,miRNA->hub,9,FALSE
hsa-miR-519c-3p,CCND1,miRNA->hub,6,FALSE
hsa-miR-520a-5p,CCND1,miRNA->hub,20,FALSE
hsa-miR-520a-3p,CCND1,miRNA->hub,3,TRUE
hsa-miR-520a-3p,CCND1,miRNA->hub,9,TRUE
hsa-miR-526b-3p,CCND1,miRNA->hub,56,TRUE
hsa-miR-526b-3p,CCND1,miRNA->hub,3,TRUE
hsa-miR-519b-3p,CCND1,miRNA->hub,6,FALSE
hsa-miR-525-5p,CCND1,miRNA->hub,20,FALSE
hsa-miR-520b,CCND1,miRNA->hub,3,TRUE
hsa-miR-520b,CCND1,miRNA->hub,9,TRUE
hsa-miR-520c-3p,CCND1,miRNA->hub,3,FALSE
hsa-miR-520c-3p,CCND1,miRNA->hub,9,FALSE
hsa-miR-524-5p,CCND1,miRNA->hub,11,FALSE
hsa-miR-519d-3p,CCND1,miRNA->hub,56,TRUE
hsa-miR-519d-3p,CCND1,miRNA->hub,3,TRUE
hsa-miR-520d-5p,CCND1,miRNA->hub,11,FALSE
hsa-miR-520d-3p,CCND1,miRNA->hub,3,TRUE
hsa-miR-520d-3p,CCND1,miRNA->hub,9,TRUE
hsa-miR-520g-3p,CCND1,miRNA->hub,35,FALSE
hsa-miR-516b-5p,CCND1,miRNA->hub,4,TRUE
hsa-miR-520h,CCND1,miRNA->hub,35,FALSE
hsa-miR-522-3p,CCND1,miRNA->hub,3,FALSE
hsa-miR-522-3p,CCND1,miRNA->hub,11,FALSE
hsa-miR-519a-3p,CCND1,miRNA->hub,6,FALSE
hsa-miR-499a-5p,CCND1,miRNA->hub,19,FALSE
hsa-miR-503-5p,CCND1,miRNA->hub,15,TRUE
hsa-miR-503-5p,CCND1,miRNA->hub,52,TRUE
hsa-miR-505-3p,CCND1,miRNA->hub,7,FALSE
hsa-miR-513a-5p,CCND1,miRNA->hub,5,TRUE
hsa-miR-513a-5p,CCND1,miRNA->hub,6,TRUE
hsa-miR-513a-5p,CCND1,miRNA->hub,4,TRUE
hsa-miR-532-5p,CCND1,miRNA->hub,21,FALSE
hsa-miR-532-5p,CCND1,miRNA->hub,13,FALSE
hsa-miR-455-5p,CCND1,miRNA->hub,3,TRUE
hsa-miR-493-3p,CCND1,miRNA->hub,5,TRUE
hsa-miR-545-3p,CCND1,miRNA->hub,49,TRUE
hsa-miR-545-3p,CCND1,miRNA->hub,12,TRUE
hsa-miR-487b-3p,CCND1,miRNA->hub,6,TRUE
hsa-miR-552-3p,CCND1,miRNA->hub,4,FALSE
hsa-miR-552-3p,CCND1,miRNA->hub,12,FALSE
hsa-miR-552-3p,CCND1,miRNA->hub,42,FALSE
hsa-miR-92b-3p,CCND1,miRNA->hub,15,TRUE
hsa-miR-556-5p,CCND1,miRNA->hub,40,TRUE
hsa-miR-576-5p,CCND1,miRNA->hub,3,TRUE
hsa-miR-599,CCND1,miRNA->hub,15,FALSE
hsa-miR-599,CCND1,miRNA->hub,5,FALSE
hsa-miR-599,CCND1,miRNA->hub,3,FALSE
hsa-miR-613,CCND1,miRNA->hub,3,FALSE
hsa-miR-33b-5p,CCND1,miRNA->hub,17,TRUE
hsa-miR-641,CCND1,miRNA->hub,19,FALSE
hsa-miR-449b-5p,CCND1,miRNA->hub,8,TRUE
hsa-miR-655-3p,CCND1,miRNA->hub,3,FALSE
hsa-miR-425-5p,CCND1,miRNA->hub,3,TRUE
hsa-miR-758-3p,CCND1,miRNA->hub,11,FALSE
hsa-miR-671-5p,CCND1,miRNA->hub,7,TRUE
hsa-miR-668-3p,CCND1,miRNA->hub,8,TRUE
hsa-miR-668-3p,CCND1,miRNA->hub,4,TRUE
hsa-miR-668-3p,CCND1,miRNA->hub,11,TRUE
hsa-miR-199b-3p,CCND1,miRNA->hub,14,TRUE
hsa-miR-214-5p,CCND1,miRNA->hub,4,TRUE
hsa-miR-130a-5p,CCND1,miRNA->hub,10,FALSE
hsa-miR-140-3p,CCND1,miRNA->hub,8,FALSE
hsa-miR-296-3p,CCND1,miRNA->hub,5,FALSE
hsa-miR-361-3p,CCND1,miRNA->hub,4,FALSE
hsa-miR-362-3p,CCND1,miRNA->hub,15,FALSE
hsa-miR-340-5p,CCND1,miRNA->hub,17,TRUE
hsa-miR-340-5p,CCND1,miRNA->hub,12,TRUE
hsa-miR-340-5p,CCND1,miRNA->hub,67,TRUE
hsa-miR-340-5p,CCND1,miRNA->hub,11,TRUE
hsa-miR-340-5p,CCND1,miRNA->hub,3,TRUE
hsa-miR-340-5p,CCND1,miRNA->hub,34,TRUE
hsa-miR-340-5p,CCND1,miRNA->hub,4,TRUE
hsa-miR-330-5p,CCND1,miRNA->hub,4,TRUE
hsa-miR-488-3p,CCND1,miRNA->hub,36,FALSE
hsa-miR-501-3p,CCND1,miRNA->hub,4,TRUE
hsa-miR-501-3p,CCND1,miRNA->hub,7,TRUE
hsa-miR-502-3p,CCND1,miRNA->hub,4,TRUE
hsa-miR-502-3p,CCND1,miRNA->hub,7,TRUE
hsa-miR-532-3p,CCND1,miRNA->hub,9,FALSE
hsa-miR-574-5p,CCND1,miRNA->hub,13,TRUE
hsa-miR-616-3p,CCND1,miRNA->hub,3,FALSE
hsa-miR-654-3p,CCND1,miRNA->hub,4,FALSE
hsa-miR-300,CCND1,miRNA->hub,39,FALSE
hsa-miR-300,CCND1,miRNA->hub,3,FALSE
hsa-miR-541-5p,CCND1,miRNA->hub,10,TRUE
hsa-miR-541-5p,CCND1,miRNA->hub,3,TRUE
hsa-miR-889-3p,CCND1,miRNA->hub,14,FALSE
hsa-miR-374b-5p,CCND1,miRNA->hub,66,TRUE
hsa-miR-374b-5p,CCND1,miRNA->hub,24,TRUE
hsa-miR-208b-3p,CCND1,miRNA->hub,19,FALSE
hsa-miR-942-5p,CCND1,miRNA->hub,3,TRUE
hsa-miR-1271-5p,CCND1,miRNA->hub,3,TRUE
hsa-miR-1294,CCND1,miRNA->hub,12,FALSE
hsa-miR-1269a,CCND1,miRNA->hub,3,TRUE
hsa-miR-1276,CCND1,miRNA->hub,35,TRUE
hsa-miR-302e,CCND1,miRNA->hub,3,FALSE
hsa-miR-302e,CCND1,miRNA->hub,9,FALSE
hsa-miR-1197,CCND1,miRNA->hub,6,TRUE
hsa-miR-1197,CCND1,miRNA->hub,4,TRUE
hsa-miR-1913,CCND1,miRNA->hub,11,FALSE
hsa-miR-1913,CCND1,miRNA->hub,3,FALSE
hsa-miR-224-3p,CCND1,miRNA->hub,11,FALSE
hsa-miR-2278,CCND1,miRNA->hub,4,FALSE
hsa-miR-2278,CCND1,miRNA->hub,15,FALSE
hsa-miR-3118,CCND1,miRNA->hub,37,FALSE
hsa-miR-3118,CCND1,miRNA->hub,11,FALSE
hsa-miR-3126-5p,CCND1,miRNA->hub,7,TRUE
hsa-miR-3163,CCND1,miRNA->hub,16,FALSE
hsa-miR-3163,CCND1,miRNA->hub,11,FALSE
hsa-miR-3163,CCND1,miRNA->hub,4,FALSE
hsa-miR-1193,CCND1,miRNA->hub,5,TRUE
hsa-miR-323b-3p,CCND1,miRNA->hub,32,TRUE
hsa-miR-3179,CCND1,miRNA->hub,10,TRUE
hsa-miR-3614-5p,CCND1,miRNA->hub,17,TRUE
hsa-miR-3614-5p,CCND1,miRNA->hub,3,TRUE
hsa-miR-23c,CCND1,miRNA->hub,10,FALSE
hsa-miR-374c-5p,CCND1,miRNA->hub,4,FALSE
hsa-miR-4458,CCND1,miRNA->hub,12,TRUE
hsa-miR-4500,CCND1,miRNA->hub,23,TRUE
hsa-miR-4500,CCND1,miRNA->hub,3,TRUE
hsa-miR-1269b,CCND1,miRNA->hub,3,FALSE
hsa-miR-4524a-5p,CCND1,miRNA->hub,7,TRUE
hsa-miR-4524a-5p,CCND1,miRNA->hub,33,TRUE
hsa-miR-4524b-5p,CCND1,miRNA->hub,7,TRUE
hsa-miR-4524b-5p,CCND1,miRNA->hub,33,TRUE
hsa-miR-5590-3p,CCND1,miRNA->hub,63,TRUE
hsa-miR-5688,CCND1,miRNA->hub,35,FALSE
hsa-miR-5688,CCND1,miRNA->hub,46,FALSE
hsa-miR-5688,CCND1,miRNA->hub,4,FALSE
hsa-miR-514a-5p,CCND1,miRNA->hub,3,FALSE
hsa-miR-1277-5p,CCND1,miRNA->hub,14,FALSE
hsa-miR-1277-5p,CCND1,miRNA->hub,63,FALSE
hsa-miR-1277-5p,CCND1,miRNA->hub,6,FALSE
hsa-miR-1277-5p,CCND1,miRNA->hub,18,FALSE
hsa-miR-1306-5p,CCND1,miRNA->hub,10,FALSE
hsa-miR-6088,CCND1,miRNA->hub,20,FALSE
hsa-miR-6838-5p,CCND1,miRNA->hub,7,TRUE
hsa-miR-6838-5p,CCND1,miRNA->hub,33,TRUE
hsa-miR-15a-5p,FBLN1,miRNA->hub,3,TRUE
hsa-miR-16-5p,FBLN1,miRNA->hub,3,TRUE
hsa-miR-21-5p,FBLN1,miRNA->hub,5,TRUE
hsa-miR-24-3p,FBLN1,miRNA->hub,7,TRUE
hsa-miR-139-5p,FBLN1,miRNA->hub,3,TRUE
hsa-miR-214-3p,FBLN1,miRNA->hub,3,TRUE
hsa-miR-221-3p,FBLN1,miRNA->hub,8,FALSE
hsa-miR-222-3p,FBLN1,miRNA->hub,8,TRUE
hsa-miR-15b-5p,FBLN1,miRNA->hub,3,TRUE
hsa-miR-149-5p,FBLN1,miRNA->hub,7,FALSE
hsa-miR-195-5p,FBLN1,miRNA->hub,3,FALSE
hsa-miR-155-5p,FBLN1,miRNA->hub,8,TRUE
hsa-miR-376c-3p,FBLN1,miRNA->hub,3,FALSE
hsa-miR-323a-3p,FBLN1,miRNA->hub,8,FALSE
hsa-miR-432-5p,FBLN1,miRNA->hub,3,FALSE
hsa-miR-497-5p,FBLN1,miRNA->hub,3,FALSE
hsa-miR-524-5p,FBLN1,miRNA->hub,8,FALSE
hsa-miR-520d-5p,FBLN1,miRNA->hub,8,FALSE
hsa-miR-503-5p,FBLN1,miRNA->hub,3,TRUE
hsa-miR-590-5p,FBLN1,miRNA->hub,5,FALSE
hsa-miR-650,FBLN1,miRNA->hub,3,FALSE
hsa-miR-654-5p,FBLN1,miRNA->hub,4,FALSE
hsa-miR-655-3p,FBLN1,miRNA->hub,7,FALSE
hsa-miR-769-5p,FBLN1,miRNA->hub,3,FALSE
hsa-miR-541-3p,FBLN1,miRNA->hub,4,FALSE
hsa-miR-875-5p,FBLN1,miRNA->hub,8,FALSE
hsa-miR-543,FBLN1,miRNA->hub,8,FALSE
hsa-miR-1224-5p,FBLN1,miRNA->hub,4,FALSE
hsa-miR-3612,FBLN1,miRNA->hub,3,FALSE
hsa-miR-4640-5p,FBLN1,miRNA->hub,3,FALSE
hsa-miR-4726-5p,FBLN1,miRNA->hub,3,FALSE
hsa-miR-2467-3p,FBLN1,miRNA->hub,3,FALSE
TWIST2,FBLN1,TF->hub,,
GLI3,CENPV,TF->hub,,
GLI3,PITPNM1,TF->hub,,
GLI3,CCND1,TF->hub,,
GLI3,FBLN1,TF->hub,,
GLI3,MAGED2,TF->hub,,
NKX25,PPM1K,TF->hub,,
NKX25,NUDT4,TF->hub,,
SMAD1,PITPNM1,TF->hub,,
SMAD1,CCND1,TF->hub,,
SMAD1,NAMPT,TF->hub,,
SMAD1,EIF4EBP1,TF->hub,,
SMAD1,MAGED2,TF->hub,,
SMAD1,NUDT4,TF->hub,,
BACH1,CCND1,TF->hub,,
BACH1,NAMPT,TF->hub,,
BACH1,MAGED2,TF->hub,,
CEBPB,CCND1,TF->hub,,
CEBPB,PITPNM1,TF->hub,,
CEBPB,NAMPT,TF->hub,,
CEBPB,EIF4EBP1,TF->hub,,
CEBPB,NUDT4,TF->hub,,
FOSL2,CCND1,TF->hub,,
FOSL2,PITPNM1,TF->hub,,
FOSL2,NAMPT,TF->hub,,
KDM2A,PITPNM1,TF->hub,,
CREB5,CCND1,TF->hub,,
CREB5,NAMPT,TF->hub,,
ZNF581,CCND1,TF->hub,,
ZNF581,MTFP1,TF->hub,,
ZNF581,EIF4EBP1,TF->hub,,
GATA4,CCND1,TF->hub,,
GATA4,EIF4EBP1,TF->hub,,
GATA4,PPM1K,TF->hub,,
GATA4,NUDT4,TF->hub,,
ZNF223,CCND1,TF->hub,,
ZNF223,ERAP2,TF->hub,,
ZNF223,PITPNM1,TF->hub,,
ZNF223,MAGED2,TF->hub,,
MKX,CCND1,TF->hub,,
MKX,FBLN1,TF->hub,,
DDIT3,CCND1,TF->hub,,
DDIT3,NAMPT,TF->hub,,
DDIT3,EIF4EBP1,TF->hub,,
AHR,CENPV,TF->hub,,
AHR,CCND1,TF->hub,,
AHR,NAMPT,TF->hub,,
